Workbook

Sheet Aging Tracker
A1: Patient/Account Name | B1: Insurance Company | C1: Claim/Invoice # | D1: Charge Date | E1: Amount Billed | F1: Amount Paid | G1: Balance Due | H1: Days Outstanding | I1: Aging Bucket | J1: Last Follow-Up Date | K1: Next Follow-Up Due | L1: Follow-Up Needed? | M1: Status | N1: Notes
A2: Miller, R. | B2: Blue Shield PPO | C2: CLM-10234 | D2: 46201 | E2: 420 | F2: 0 | G2: =E2-F2 -> 420 | H2: =TODAY()-D2 -> 9 | I2: =IF(H2<=30,"0-30",IF(H2<=45,"31-45",IF(H2<=60,"46-60",IF(H2<=90,"61-90","90+")))) -> 0-30 | K2: =IF(J2="",D2+45,J2+7) -> 46246 | L2: =IF(AND(M2<>"Resolved",H2>45),"YES","No") -> No | M2: Open | N2: Awaiting initial response
A3: Nguyen, T. | B3: Aetna HMO | C3: CLM-10198 | D3: 46183 | E3: 185.5 | F3: 100 | G3: =E3-F3 -> 85.5 | H3: =TODAY()-D3 -> 27 | I3: =IF(H3<=30,"0-30",IF(H3<=45,"31-45",IF(H3<=60,"46-60",IF(H3<=90,"61-90","90+")))) -> 0-30 | J3: 46198 | K3: =IF(J3="",D3+45,J3+7) -> 46205 | L3: =IF(AND(M3<>"Resolved",H3>45),"YES","No") -> No | M3: Open | N3: Partial payment posted
A4: Osei, K. | B4: United Health | C4: CLM-10122 | D4: 46162 | E4: 960 | F4: 0 | G4: =E4-F4 -> 960 | H4: =TODAY()-D4 -> 48 | I4: =IF(H4<=30,"0-30",IF(H4<=45,"31-45",IF(H4<=60,"46-60",IF(H4<=90,"61-90","90+")))) -> 46-60 | J4: 46188 | K4: =IF(J4="",D4+45,J4+7) -> 46195 | L4: =IF(AND(M4<>"Resolved",H4>45),"YES","No") -> YES | M4: Open | N4: Claim under review by payer
A5: Alvarez, D. | B5: Cigna PPO | C5: CLM-10087 | D5: 46144 | E5: 275 | F5: 275 | G5: =E5-F5 -> 0 | H5: =TODAY()-D5 -> 66 | I5: =IF(H5<=30,"0-30",IF(H5<=45,"31-45",IF(H5<=60,"46-60",IF(H5<=90,"61-90","90+")))) -> 61-90 | K5: =IF(J5="",D5+45,J5+7) -> 46189 | L5: =IF(AND(M5<>"Resolved",H5>45),"YES","No") -> No | M5: Resolved | N5: Paid in full
A6: Park, S. | B6: Blue Shield PPO | C6: CLM-10061 | D6: 46130 | E6: 540 | F6: 0 | G6: =E6-F6 -> 540 | H6: =TODAY()-D6 -> 80 | I6: =IF(H6<=30,"0-30",IF(H6<=45,"31-45",IF(H6<=60,"46-60",IF(H6<=90,"61-90","90+")))) -> 61-90 | J6: 46172 | K6: =IF(J6="",D6+45,J6+7) -> 46179 | L6: =IF(AND(M6<>"Resolved",H6>45),"YES","No") -> YES | M6: Open | N6: No response after 2 calls
A7: Whitfield, J. | B7: Aetna HMO | C7: CLM-10029 | D7: 46110 | E7: 1200 | F7: 300 | G7: =E7-F7 -> 900 | H7: =TODAY()-D7 -> 100 | I7: =IF(H7<=30,"0-30",IF(H7<=45,"31-45",IF(H7<=60,"46-60",IF(H7<=90,"61-90","90+")))) -> 90+ | J7: 46152 | K7: =IF(J7="",D7+45,J7+7) -> 46159 | L7: =IF(AND(M7<>"Resolved",H7>45),"YES","No") -> YES | M7: Open | N7: Disputing allowed amount
A8: Reyes, M. | B8: United Health | C8: CLM-09988 | D8: 46091 | E8: 310 | F8: 0 | G8: =E8-F8 -> 310 | H8: =TODAY()-D8 -> 119 | I8: =IF(H8<=30,"0-30",IF(H8<=45,"31-45",IF(H8<=60,"46-60",IF(H8<=90,"61-90","90+")))) -> 90+ | J8: 46132 | K8: =IF(J8="",D8+45,J8+7) -> 46139 | L8: =IF(AND(M8<>"Resolved",H8>45),"YES","No") -> YES | M8: Open | N8: Escalated to supervisor
A9: Carter, B. | B9: Cigna PPO | C9: CLM-09955 | D9: 46068 | E9: 690 | F9: 0 | G9: =E9-F9 -> 690 | H9: =TODAY()-D9 -> 142 | I9: =IF(H9<=30,"0-30",IF(H9<=45,"31-45",IF(H9<=60,"46-60",IF(H9<=90,"61-90","90+")))) -> 90+ | J9: 46113 | K9: =IF(J9="",D9+45,J9+7) -> 46120 | L9: =IF(AND(M9<>"Resolved",H9>45),"YES","No") -> YES | M9: Open | N9: Over 45 days - needs follow-up

Sheet Summary Dashboard
A1: Aging Report — Summary Dashboard
A3: Metric | B3: Value
A4: Total Open Accounts | B4: =COUNTIF('Aging Tracker'!M2:M9,"Open") -> 7
A5: Total Balance Due (Open) | B5: =SUMIF('Aging Tracker'!M2:M9,"Open",'Aging Tracker'!G2:G9) -> 3905.5
A6: Accounts Needing Follow-Up (>45 days) | B6: =COUNTIF('Aging Tracker'!L2:L9,"YES") -> 5
A7: % of Open Accounts Over 45 Days | B7: =IFERROR(COUNTIF('Aging Tracker'!L2:L9,"YES")/COUNTIF('Aging Tracker'!M2:M9,"Open"),0) -> 0.71428571
A9: Aging Bucket Breakdown
A10: Bucket | B10: # Accounts | C10: Balance Due
A11: 0-30 | B11: =COUNTIF('Aging Tracker'!I2:I9,A11) -> 2 | C11: =SUMIF('Aging Tracker'!I2:I9,A11,'Aging Tracker'!G2:G9) -> 505.5
A12: 31-45 | B12: =COUNTIF('Aging Tracker'!I2:I9,A12) -> 0 | C12: =SUMIF('Aging Tracker'!I2:I9,A12,'Aging Tracker'!G2:G9) -> 0
A13: 46-60 | B13: =COUNTIF('Aging Tracker'!I2:I9,A13) -> 1 | C13: =SUMIF('Aging Tracker'!I2:I9,A13,'Aging Tracker'!G2:G9) -> 960
A14: 61-90 | B14: =COUNTIF('Aging Tracker'!I2:I9,A14) -> 2 | C14: =SUMIF('Aging Tracker'!I2:I9,A14,'Aging Tracker'!G2:G9) -> 540
A15: 90+ | B15: =COUNTIF('Aging Tracker'!I2:I9,A15) -> 3 | C15: =SUMIF('Aging Tracker'!I2:I9,A15,'Aging Tracker'!G2:G9) -> 1900
A18: Note: Days Outstanding and buckets recalculate automatically based on today's date (TODAY()).
